{
  "patient_id": "10092334",
  "months": [
    3,
    6,
    9,
    12,
    15,
    18,
    21,
    24
  ],
  "hazard": [
    0.31133372489214145,
    0.4016665654017048,
    0.4992099087784443,
    0.5968134292791756,
    0.6873094641887391,
    0.7654753222145901,
    0.8289638582339871,
    0.8780044589301842
  ],
  "survival": [
    0.6886662751078585,
    0.41205205767729935,
    0.20635158755224448,
    0.0831981889479874,
    0.02601528628067271,
    0.006101226632469961,
    0.0010435302632577058,
    0.00012730603908885115
  ],
  "cum_mortality": [
    0.3113337248921415,
    0.5879479423227006,
    0.7936484124477555,
    0.9168018110520126,
    0.9739847137193273,
    0.9938987733675301,
    0.9989564697367423,
    0.9998726939609112
  ]
}