label,months,auc,n
label_os_180d,6.0,0.7313003287065611,1429
label_os_365d,12.0,0.7042767402289634,1429
label_os_any,24.0,0.5985634330643087,1429
